date,questionnaire_url,status,has_loyalty_q,has_new_wording,has_question_5,text_file,saved_new_copy
2026-10-06,https://jobs.faa.gov/Preview/100157,ok,True,False,False,questionnaire_rechecks/2026-10-06/faa_100157.txt,True
2026-10-06,https://jobs.faa.gov/Preview/100158,ok,True,False,False,questionnaire_rechecks/2026-10-06/faa_100158.txt,True
2026-10-06,https://jobs.faa.gov/Preview/100254,ok,True,False,False,questionnaire_rechecks/2026-10-06/faa_100254.txt,True
2026-10-06,https://jobs.faa.gov/Preview/100301,ok,True,False,False,questionnaire_rechecks/2026-10-06/faa_100301.txt,True
2026-10-06,https://jobs.faa.gov/Preview/100412,ok,True,False,False,questionnaire_rechecks/2026-10-06/faa_100412.txt,True
2026-10-06,https://jobs.faa.gov/Preview/100433,ok,True,False,False,questionnaire_rechecks/2026-10-06/faa_100433.txt,True
2026-10-06,https://jobs.faa.gov/Preview/100445,ok,True,False,False,questionnaire_rechecks/2026-10-06/faa_100445.txt,True
2026-10-06,https://jobs.faa.gov/Preview/100475,ok,True,False,False,questionnaire_rechecks/2026-10-06/faa_100475.txt,True
2026-10-06,https://jobs.faa.gov/Preview/100512,ok,True,False,False,questionnaire_rechecks/2026-10-06/faa_100512.txt,True
2026-10-06,https://jobs.faa.gov/Preview/100518,ok,True,False,False,questionnaire_rechecks/2026-10-06/faa_100518.txt,True
2026-10-06,https://jobs.faa.gov/Preview/100519,ok,True,False,False,questionnaire_rechecks/2026-10-06/faa_100519.txt,True
2026-10-06,https://jobs.faa.gov/Preview/100530,ok,True,False,False,questionnaire_rechecks/2026-10-06/faa_100530.txt,True
2026-10-06,https://jobs.faa.gov/Preview/100531,ok,True,False,False,questionnaire_rechecks/2026-10-06/faa_100531.txt,True
2026-10-06,https://jobs.faa.gov/Preview/100532,ok,True,False,False,questionnaire_rechecks/2026-10-06/faa_100532.txt,True
2026-10-06,https://jobs.faa.gov/Preview/100539,ok,True,False,False,questionnaire_rechecks/2026-10-06/faa_100539.txt,True
2026-10-06,https://jobs.faa.gov/Preview/100540,ok,True,False,False,questionnaire_rechecks/2026-10-06/faa_100540.txt,True
2026-10-06,https://jobs.faa.gov/Preview/100546,ok,True,False,False,questionnaire_rechecks/2026-10-06/faa_100546.txt,True
2026-10-06,https://jobs.faa.gov/Preview/100548,ok,True,False,False,questionnaire_rechecks/2026-10-06/faa_100548.txt,True
2026-10-06,https://jobs.faa.gov/Preview/100550,ok,True,False,False,questionnaire_rechecks/2026-10-06/faa_100550.txt,True
2026-10-06,https://jobs.faa.gov/Preview/100551,ok,True,False,False,questionnaire_rechecks/2026-10-06/faa_100551.txt,True
2026-10-06,https://jobs.faa.gov/Preview/100576,ok,True,False,False,questionnaire_rechecks/2026-10-06/faa_100576.txt,True
2026-10-06,https://jobs.faa.gov/Preview/95740,ok,True,False,False,questionnaire_rechecks/2026-10-06/faa_95740.txt,True
2026-10-06,https://jobs.faa.gov/Preview/96467,ok,True,False,False,questionnaire_rechecks/2026-10-06/faa_96467.txt,True
2026-10-06,https://jobs.faa.gov/Preview/96468,ok,True,False,False,questionnaire_rechecks/2026-10-06/faa_96468.txt,True
2026-10-06,https://jobs.faa.gov/Preview/96646,ok,False,False,False,questionnaire_rechecks/2026-10-06/faa_96646.txt,True
2026-10-06,https://jobs.faa.gov/Preview/96672,ok,True,False,False,questionnaire_rechecks/2026-10-06/faa_96672.txt,True
2026-10-06,https://jobs.faa.gov/Preview/96673,ok,True,False,False,questionnaire_rechecks/2026-10-06/faa_96673.txt,True
2026-10-06,https://jobs.faa.gov/Preview/96848,ok,False,False,False,questionnaire_rechecks/2026-10-06/faa_96848.txt,True
2026-10-06,https://jobs.faa.gov/Preview/97128,ok,True,False,False,questionnaire_rechecks/2026-10-06/faa_97128.txt,True
2026-10-06,https://jobs.faa.gov/Preview/97372,ok,True,False,False,questionnaire_rechecks/2026-10-06/faa_97372.txt,True
2026-10-06,https://jobs.faa.gov/Preview/97373,ok,True,False,False,questionnaire_rechecks/2026-10-06/faa_97373.txt,True
2026-10-06,https://jobs.faa.gov/Preview/97374,ok,True,False,False,questionnaire_rechecks/2026-10-06/faa_97374.txt,True
2026-10-06,https://jobs.faa.gov/Preview/97378,ok,True,False,False,questionnaire_rechecks/2026-10-06/faa_97378.txt,True
2026-10-06,https://jobs.faa.gov/Preview/97379,ok,True,False,False,questionnaire_rechecks/2026-10-06/faa_97379.txt,True
2026-10-06,https://jobs.faa.gov/Preview/98114,ok,True,False,False,questionnaire_rechecks/2026-10-06/faa_98114.txt,True
2026-10-06,https://jobs.faa.gov/Preview/98161,ok,True,False,False,questionnaire_rechecks/2026-10-06/faa_98161.txt,True
2026-10-06,https://jobs.faa.gov/Preview/98164,ok,True,False,False,questionnaire_rechecks/2026-10-06/faa_98164.txt,True
2026-10-06,https://jobs.faa.gov/Preview/98165,ok,True,False,False,questionnaire_rechecks/2026-10-06/faa_98165.txt,True
2026-10-06,https://jobs.faa.gov/Preview/98447,ok,True,False,False,questionnaire_rechecks/2026-10-06/faa_98447.txt,True
2026-10-06,https://jobs.faa.gov/Preview/99330,ok,False,False,False,questionnaire_rechecks/2026-10-06/faa_99330.txt,True
2026-10-06,https://jobs.faa.gov/Preview/99405,ok,False,False,False,questionnaire_rechecks/2026-10-06/faa_99405.txt,True
