date,questionnaire_url,change,had_loyalty_q,has_loyalty_q,had_new_wording,has_new_wording,had_question_5,has_question_5,text_file
2026-09-29,https://apply.usastaffing.gov/ViewQuestionnaire/12789981,changed,False,False,False,True,False,False,questionnaire_rechecks/2026-09-29/usastaffing_12789981.txt
2026-09-29,https://apply.usastaffing.gov/ViewQuestionnaire/12829498,changed,False,True,False,False,False,False,questionnaire_rechecks/2026-09-29/usastaffing_12829498.txt
2026-09-29,https://apply.usastaffing.gov/ViewQuestionnaire/12829499,changed,False,True,False,False,False,False,questionnaire_rechecks/2026-09-29/usastaffing_12829499.txt
2026-09-29,https://apply.usastaffing.gov/ViewQuestionnaire/12829500,changed,False,True,False,False,False,False,questionnaire_rechecks/2026-09-29/usastaffing_12829500.txt
2026-09-29,https://apply.usastaffing.gov/ViewQuestionnaire/12829501,changed,False,True,False,False,False,False,questionnaire_rechecks/2026-09-29/usastaffing_12829501.txt
2026-09-29,https://apply.usastaffing.gov/ViewQuestionnaire/12829502,changed,False,True,False,False,False,False,questionnaire_rechecks/2026-09-29/usastaffing_12829502.txt
2026-09-29,https://apply.usastaffing.gov/ViewQuestionnaire/12829503,changed,False,True,False,False,False,False,questionnaire_rechecks/2026-09-29/usastaffing_12829503.txt
2026-09-29,https://apply.usastaffing.gov/ViewQuestionnaire/12844798,changed,False,True,False,False,False,False,questionnaire_rechecks/2026-09-29/usastaffing_12844798.txt
2026-09-29,https://apply.usastaffing.gov/ViewQuestionnaire/12849191,changed,False,True,False,False,False,False,questionnaire_rechecks/2026-09-29/usastaffing_12849191.txt
2026-09-29,https://apply.usastaffing.gov/ViewQuestionnaire/12849583,changed,False,False,False,True,False,False,questionnaire_rechecks/2026-09-29/usastaffing_12849583.txt
2026-09-29,https://apply.usastaffing.gov/ViewQuestionnaire/12862790,changed,False,True,False,False,False,False,questionnaire_rechecks/2026-09-29/usastaffing_12862790.txt
2026-09-29,https://apply.usastaffing.gov/ViewQuestionnaire/12874504,changed,False,False,False,True,False,False,questionnaire_rechecks/2026-09-29/usastaffing_12874504.txt
2026-09-29,https://apply.usastaffing.gov/ViewQuestionnaire/12874505,changed,False,False,False,True,False,False,questionnaire_rechecks/2026-09-29/usastaffing_12874505.txt
2026-09-29,https://apply.usastaffing.gov/ViewQuestionnaire/12874509,changed,False,False,False,True,False,False,questionnaire_rechecks/2026-09-29/usastaffing_12874509.txt
2026-09-29,https://apply.usastaffing.gov/ViewQuestionnaire/12877132,changed,False,False,False,True,False,False,questionnaire_rechecks/2026-09-29/usastaffing_12877132.txt
2026-09-29,https://apply.usastaffing.gov/ViewQuestionnaire/12877437,changed,False,False,False,True,False,False,questionnaire_rechecks/2026-09-29/usastaffing_12877437.txt
2026-09-29,https://apply.usastaffing.gov/ViewQuestionnaire/12877440,changed,False,True,False,False,False,False,questionnaire_rechecks/2026-09-29/usastaffing_12877440.txt
2026-09-29,https://apply.usastaffing.gov/ViewQuestionnaire/12877441,changed,False,False,False,True,False,False,questionnaire_rechecks/2026-09-29/usastaffing_12877441.txt
2026-09-29,https://apply.usastaffing.gov/ViewQuestionnaire/12877443,changed,False,False,False,True,False,False,questionnaire_rechecks/2026-09-29/usastaffing_12877443.txt
2026-09-29,https://apply.usastaffing.gov/ViewQuestionnaire/12878211,changed,False,False,False,True,False,False,questionnaire_rechecks/2026-09-29/usastaffing_12878211.txt
2026-09-29,https://apply.usastaffing.gov/ViewQuestionnaire/12880178,changed,False,False,False,True,False,False,questionnaire_rechecks/2026-09-29/usastaffing_12880178.txt
2026-09-29,https://apply.usastaffing.gov/ViewQuestionnaire/12883241,changed,False,False,False,True,False,False,questionnaire_rechecks/2026-09-29/usastaffing_12883241.txt
2026-09-29,https://apply.usastaffing.gov/ViewQuestionnaire/12884143,changed,False,False,False,True,False,False,questionnaire_rechecks/2026-09-29/usastaffing_12884143.txt
2026-09-29,https://apply.usastaffing.gov/ViewQuestionnaire/12884153,changed,False,False,False,True,False,False,questionnaire_rechecks/2026-09-29/usastaffing_12884153.txt
2026-09-29,https://apply.usastaffing.gov/ViewQuestionnaire/12884177,changed,False,False,False,True,False,False,questionnaire_rechecks/2026-09-29/usastaffing_12884177.txt
2026-09-29,https://jobs.monstergovt.com/bopmp/ros/rosDashboard.hms?O=2&J=177825&S=1,changed,False,True,False,False,False,False,questionnaire_rechecks/2026-09-29/monster_177825.txt
2026-09-29,https://apply.usastaffing.gov/ViewQuestionnaire/12821025,changed,False,False,False,False,False,False,questionnaire_rechecks/2026-09-29/usastaffing_12821025.txt
2026-09-29,https://apply.usastaffing.gov/ViewQuestionnaire/12922967,changed,False,False,False,False,False,False,questionnaire_rechecks/2026-09-29/usastaffing_12922967.txt
2026-09-29,https://apply.usastaffing.gov/ViewQuestionnaire/12968458,changed,False,False,False,False,False,False,questionnaire_rechecks/2026-09-29/usastaffing_12968458.txt
2026-09-29,https://apply.usastaffing.gov/ViewQuestionnaire/12997178,changed,False,False,False,False,False,False,questionnaire_rechecks/2026-09-29/usastaffing_12997178.txt
2026-09-29,https://apply.usastaffing.gov/ViewQuestionnaire/13046144,changed,False,False,False,False,False,False,questionnaire_rechecks/2026-09-29/usastaffing_13046144.txt
2026-09-29,https://apply.usastaffing.gov/ViewQuestionnaire/13053218,changed,False,False,True,True,False,False,questionnaire_rechecks/2026-09-29/usastaffing_13053218.txt
2026-09-29,https://apply.usastaffing.gov/ViewQuestionnaire/13053240,changed,False,False,True,True,False,False,questionnaire_rechecks/2026-09-29/usastaffing_13053240.txt
2026-09-29,https://apply.usastaffing.gov/ViewQuestionnaire/13053256,changed,False,False,True,True,False,False,questionnaire_rechecks/2026-09-29/usastaffing_13053256.txt
2026-09-29,https://apply.usastaffing.gov/ViewQuestionnaire/13054386,changed,False,False,True,True,False,False,questionnaire_rechecks/2026-09-29/usastaffing_13054386.txt
2026-09-29,https://apply.usastaffing.gov/ViewQuestionnaire/13056626,changed,False,False,False,False,False,False,questionnaire_rechecks/2026-09-29/usastaffing_13056626.txt
2026-09-29,https://apply.usastaffing.gov/ViewQuestionnaire/13059386,changed,False,False,False,False,False,False,questionnaire_rechecks/2026-09-29/usastaffing_13059386.txt
2026-09-29,https://apply.usastaffing.gov/ViewQuestionnaire/13065622,changed,False,False,False,False,False,False,questionnaire_rechecks/2026-09-29/usastaffing_13065622.txt
2026-09-29,https://apply.usastaffing.gov/ViewQuestionnaire/13068833,changed,False,False,True,True,False,False,questionnaire_rechecks/2026-09-29/usastaffing_13068833.txt
2026-09-29,https://apply.usastaffing.gov/ViewQuestionnaire/13069009,changed,False,False,False,False,False,False,questionnaire_rechecks/2026-09-29/usastaffing_13069009.txt
2026-09-29,https://apply.usastaffing.gov/ViewQuestionnaire/13069992,changed,False,False,False,False,False,False,questionnaire_rechecks/2026-09-29/usastaffing_13069992.txt
2026-09-29,https://apply.usastaffing.gov/ViewQuestionnaire/13070282,changed,False,False,True,True,False,False,questionnaire_rechecks/2026-09-29/usastaffing_13070282.txt
2026-09-29,https://apply.usastaffing.gov/ViewQuestionnaire/13071250,changed,False,False,False,False,False,False,questionnaire_rechecks/2026-09-29/usastaffing_13071250.txt
2026-09-29,https://apply.usastaffing.gov/ViewQuestionnaire/13071541,changed,False,False,False,False,False,False,questionnaire_rechecks/2026-09-29/usastaffing_13071541.txt
2026-09-29,https://apply.usastaffing.gov/ViewQuestionnaire/13073200,changed,False,False,False,False,False,False,questionnaire_rechecks/2026-09-29/usastaffing_13073200.txt
2026-09-29,https://apply.usastaffing.gov/ViewQuestionnaire/13073653,changed,False,False,True,True,False,False,questionnaire_rechecks/2026-09-29/usastaffing_13073653.txt
2026-09-29,https://apply.usastaffing.gov/ViewQuestionnaire/13062962,changed,False,False,False,False,False,False,questionnaire_rechecks/2026-09-29/usastaffing_13062962.txt
2026-09-29,https://apply.usastaffing.gov/ViewQuestionnaire/13071231,changed,False,False,False,False,False,False,questionnaire_rechecks/2026-09-29/usastaffing_13071231.txt
2026-09-29,https://apply.usastaffing.gov/ViewQuestionnaire/13071906,changed,False,False,False,False,False,False,questionnaire_rechecks/2026-09-29/usastaffing_13071906.txt
2026-09-29,https://apply.usastaffing.gov/ViewQuestionnaire/13072333,changed,False,False,True,True,False,False,questionnaire_rechecks/2026-09-29/usastaffing_13072333.txt
2026-09-29,https://apply.usastaffing.gov/ViewQuestionnaire/13072355,changed,False,False,False,False,False,False,questionnaire_rechecks/2026-09-29/usastaffing_13072355.txt
2026-09-29,https://apply.usastaffing.gov/ViewQuestionnaire/13072366,changed,False,False,False,False,False,False,questionnaire_rechecks/2026-09-29/usastaffing_13072366.txt
2026-09-29,https://apply.usastaffing.gov/ViewQuestionnaire/13072687,changed,False,False,False,False,False,False,questionnaire_rechecks/2026-09-29/usastaffing_13072687.txt
2026-09-29,https://apply.usastaffing.gov/ViewQuestionnaire/13072834,changed,False,False,True,True,False,False,questionnaire_rechecks/2026-09-29/usastaffing_13072834.txt
2026-09-29,https://apply.usastaffing.gov/ViewQuestionnaire/13072946,changed,False,False,False,False,False,False,questionnaire_rechecks/2026-09-29/usastaffing_13072946.txt
2026-09-29,https://apply.usastaffing.gov/ViewQuestionnaire/13073024,changed,False,False,False,False,False,False,questionnaire_rechecks/2026-09-29/usastaffing_13073024.txt
2026-09-29,https://apply.usastaffing.gov/ViewQuestionnaire/13073230,changed,False,False,False,False,False,False,questionnaire_rechecks/2026-09-29/usastaffing_13073230.txt
2026-09-30,https://apply.usastaffing.gov/ViewQuestionnaire/12798478,changed,False,False,False,False,False,False,questionnaire_rechecks/2026-09-30/usastaffing_12798478.txt
2026-09-30,https://apply.usastaffing.gov/ViewQuestionnaire/12812169,changed,False,False,False,False,False,False,questionnaire_rechecks/2026-09-30/usastaffing_12812169.txt
2026-09-30,https://apply.usastaffing.gov/ViewQuestionnaire/12929721,changed,False,False,False,False,False,False,questionnaire_rechecks/2026-09-30/usastaffing_12929721.txt
2026-09-30,https://apply.usastaffing.gov/ViewQuestionnaire/12929722,changed,False,False,False,False,False,False,questionnaire_rechecks/2026-09-30/usastaffing_12929722.txt
2026-09-30,https://apply.usastaffing.gov/ViewQuestionnaire/12931658,changed,False,False,False,False,False,False,questionnaire_rechecks/2026-09-30/usastaffing_12931658.txt
2026-09-30,https://apply.usastaffing.gov/ViewQuestionnaire/12946149,changed,False,False,True,True,False,False,questionnaire_rechecks/2026-09-30/usastaffing_12946149.txt
2026-09-30,https://apply.usastaffing.gov/ViewQuestionnaire/12976229,changed,False,False,True,True,False,False,questionnaire_rechecks/2026-09-30/usastaffing_12976229.txt
2026-09-30,https://apply.usastaffing.gov/ViewQuestionnaire/12997564,changed,False,False,False,False,False,False,questionnaire_rechecks/2026-09-30/usastaffing_12997564.txt
2026-09-30,https://apply.usastaffing.gov/ViewQuestionnaire/12997617,changed,False,False,False,False,False,False,questionnaire_rechecks/2026-09-30/usastaffing_12997617.txt
2026-09-30,https://apply.usastaffing.gov/ViewQuestionnaire/12998003,changed,False,False,False,False,False,False,questionnaire_rechecks/2026-09-30/usastaffing_12998003.txt
2026-09-30,https://apply.usastaffing.gov/ViewQuestionnaire/12998427,changed,False,False,False,False,False,False,questionnaire_rechecks/2026-09-30/usastaffing_12998427.txt
2026-09-30,https://apply.usastaffing.gov/ViewQuestionnaire/12999738,changed,False,False,True,True,False,False,questionnaire_rechecks/2026-09-30/usastaffing_12999738.txt
2026-09-30,https://apply.usastaffing.gov/ViewQuestionnaire/13001946,changed,False,False,False,False,False,False,questionnaire_rechecks/2026-09-30/usastaffing_13001946.txt
2026-09-30,https://apply.usastaffing.gov/ViewQuestionnaire/13003318,changed,False,False,False,False,False,False,questionnaire_rechecks/2026-09-30/usastaffing_13003318.txt
2026-09-30,https://apply.usastaffing.gov/ViewQuestionnaire/13007948,changed,False,False,False,False,False,False,questionnaire_rechecks/2026-09-30/usastaffing_13007948.txt
2026-09-30,https://apply.usastaffing.gov/ViewQuestionnaire/13025421,changed,False,False,False,False,False,False,questionnaire_rechecks/2026-09-30/usastaffing_13025421.txt
2026-09-30,https://apply.usastaffing.gov/ViewQuestionnaire/13031490,changed,False,False,True,True,False,False,questionnaire_rechecks/2026-09-30/usastaffing_13031490.txt
2026-09-30,https://apply.usastaffing.gov/ViewQuestionnaire/13031571,changed,False,False,False,False,False,False,questionnaire_rechecks/2026-09-30/usastaffing_13031571.txt
2026-09-30,https://apply.usastaffing.gov/ViewQuestionnaire/13032140,changed,False,False,False,False,False,False,questionnaire_rechecks/2026-09-30/usastaffing_13032140.txt
2026-09-30,https://apply.usastaffing.gov/ViewQuestionnaire/13035999,changed,False,False,False,False,False,False,questionnaire_rechecks/2026-09-30/usastaffing_13035999.txt
2026-09-30,https://apply.usastaffing.gov/ViewQuestionnaire/13037237,changed,False,False,False,False,False,False,questionnaire_rechecks/2026-09-30/usastaffing_13037237.txt
2026-09-30,https://apply.usastaffing.gov/ViewQuestionnaire/13040152,changed,False,False,False,False,False,False,questionnaire_rechecks/2026-09-30/usastaffing_13040152.txt
2026-09-30,https://apply.usastaffing.gov/ViewQuestionnaire/13041075,changed,False,False,False,False,False,False,questionnaire_rechecks/2026-09-30/usastaffing_13041075.txt
2026-09-30,https://apply.usastaffing.gov/ViewQuestionnaire/13041415,changed,False,False,False,False,False,False,questionnaire_rechecks/2026-09-30/usastaffing_13041415.txt
2026-09-30,https://apply.usastaffing.gov/ViewQuestionnaire/13042173,changed,False,False,False,False,False,False,questionnaire_rechecks/2026-09-30/usastaffing_13042173.txt
2026-09-30,https://apply.usastaffing.gov/ViewQuestionnaire/13045230,changed,False,False,False,False,False,False,questionnaire_rechecks/2026-09-30/usastaffing_13045230.txt
2026-09-30,https://apply.usastaffing.gov/ViewQuestionnaire/13051580,changed,False,False,False,False,False,False,questionnaire_rechecks/2026-09-30/usastaffing_13051580.txt
2026-09-30,https://apply.usastaffing.gov/ViewQuestionnaire/13052171,changed,False,False,True,True,False,False,questionnaire_rechecks/2026-09-30/usastaffing_13052171.txt
2026-09-30,https://apply.usastaffing.gov/ViewQuestionnaire/13053592,changed,False,False,False,False,False,False,questionnaire_rechecks/2026-09-30/usastaffing_13053592.txt
2026-09-30,https://apply.usastaffing.gov/ViewQuestionnaire/13053594,changed,False,False,False,False,False,False,questionnaire_rechecks/2026-09-30/usastaffing_13053594.txt
2026-09-30,https://apply.usastaffing.gov/ViewQuestionnaire/13058307,changed,False,False,True,True,False,False,questionnaire_rechecks/2026-09-30/usastaffing_13058307.txt
2026-09-30,https://apply.usastaffing.gov/ViewQuestionnaire/13059602,changed,False,False,False,False,False,False,questionnaire_rechecks/2026-09-30/usastaffing_13059602.txt
2026-09-30,https://apply.usastaffing.gov/ViewQuestionnaire/13060532,changed,False,False,False,False,False,False,questionnaire_rechecks/2026-09-30/usastaffing_13060532.txt
2026-09-30,https://apply.usastaffing.gov/ViewQuestionnaire/13060533,changed,False,False,True,True,False,False,questionnaire_rechecks/2026-09-30/usastaffing_13060533.txt
2026-09-30,https://apply.usastaffing.gov/ViewQuestionnaire/13061977,changed,False,False,True,True,False,False,questionnaire_rechecks/2026-09-30/usastaffing_13061977.txt
2026-09-30,https://apply.usastaffing.gov/ViewQuestionnaire/13062790,changed,False,False,True,True,False,False,questionnaire_rechecks/2026-09-30/usastaffing_13062790.txt
2026-09-30,https://apply.usastaffing.gov/ViewQuestionnaire/13062798,changed,False,False,True,True,False,False,questionnaire_rechecks/2026-09-30/usastaffing_13062798.txt
2026-09-30,https://apply.usastaffing.gov/ViewQuestionnaire/13064105,changed,False,False,False,False,False,False,questionnaire_rechecks/2026-09-30/usastaffing_13064105.txt
2026-09-30,https://apply.usastaffing.gov/ViewQuestionnaire/13064127,changed,False,False,False,False,False,False,questionnaire_rechecks/2026-09-30/usastaffing_13064127.txt
2026-09-30,https://apply.usastaffing.gov/ViewQuestionnaire/13064266,changed,False,False,True,True,False,False,questionnaire_rechecks/2026-09-30/usastaffing_13064266.txt
2026-09-30,https://apply.usastaffing.gov/ViewQuestionnaire/13065315,changed,True,True,False,False,False,False,questionnaire_rechecks/2026-09-30/usastaffing_13065315.txt
2026-09-30,https://apply.usastaffing.gov/ViewQuestionnaire/13065357,changed,False,False,True,True,False,False,questionnaire_rechecks/2026-09-30/usastaffing_13065357.txt
2026-09-30,https://apply.usastaffing.gov/ViewQuestionnaire/13065523,changed,False,False,False,False,False,False,questionnaire_rechecks/2026-09-30/usastaffing_13065523.txt
2026-09-30,https://apply.usastaffing.gov/ViewQuestionnaire/13065864,changed,False,False,True,True,False,False,questionnaire_rechecks/2026-09-30/usastaffing_13065864.txt
2026-09-30,https://apply.usastaffing.gov/ViewQuestionnaire/13065898,changed,False,False,True,True,False,False,questionnaire_rechecks/2026-09-30/usastaffing_13065898.txt
2026-09-30,https://apply.usastaffing.gov/ViewQuestionnaire/13066473,changed,False,False,False,False,False,False,questionnaire_rechecks/2026-09-30/usastaffing_13066473.txt
2026-09-30,https://apply.usastaffing.gov/ViewQuestionnaire/13067095,changed,False,False,False,False,False,False,questionnaire_rechecks/2026-09-30/usastaffing_13067095.txt
2026-09-30,https://apply.usastaffing.gov/ViewQuestionnaire/13067159,changed,False,False,False,False,False,False,questionnaire_rechecks/2026-09-30/usastaffing_13067159.txt
2026-09-30,https://apply.usastaffing.gov/ViewQuestionnaire/13067198,changed,False,False,False,False,False,False,questionnaire_rechecks/2026-09-30/usastaffing_13067198.txt
2026-09-30,https://apply.usastaffing.gov/ViewQuestionnaire/13067238,changed,False,False,False,False,False,False,questionnaire_rechecks/2026-09-30/usastaffing_13067238.txt
2026-09-30,https://apply.usastaffing.gov/ViewQuestionnaire/13068046,changed,False,False,True,True,False,False,questionnaire_rechecks/2026-09-30/usastaffing_13068046.txt
2026-09-30,https://apply.usastaffing.gov/ViewQuestionnaire/13068283,changed,False,False,False,False,False,False,questionnaire_rechecks/2026-09-30/usastaffing_13068283.txt
2026-09-30,https://apply.usastaffing.gov/ViewQuestionnaire/13068427,changed,False,False,True,True,False,False,questionnaire_rechecks/2026-09-30/usastaffing_13068427.txt
2026-09-30,https://apply.usastaffing.gov/ViewQuestionnaire/13069427,changed,False,False,False,False,False,False,questionnaire_rechecks/2026-09-30/usastaffing_13069427.txt
2026-09-30,https://apply.usastaffing.gov/ViewQuestionnaire/13069521,changed,False,False,False,False,False,False,questionnaire_rechecks/2026-09-30/usastaffing_13069521.txt
2026-09-30,https://apply.usastaffing.gov/ViewQuestionnaire/13071540,changed,False,False,True,True,False,False,questionnaire_rechecks/2026-09-30/usastaffing_13071540.txt
2026-09-30,https://apply.usastaffing.gov/ViewQuestionnaire/13072485,changed,False,False,False,False,False,False,questionnaire_rechecks/2026-09-30/usastaffing_13072485.txt
2026-09-30,https://apply.usastaffing.gov/ViewQuestionnaire/13073137,changed,False,False,True,True,False,False,questionnaire_rechecks/2026-09-30/usastaffing_13073137.txt
2026-09-30,https://apply.usastaffing.gov/ViewQuestionnaire/13073329,changed,False,False,False,False,False,False,questionnaire_rechecks/2026-09-30/usastaffing_13073329.txt
2026-09-30,https://apply.usastaffing.gov/ViewQuestionnaire/13076129,changed,False,False,False,False,False,False,questionnaire_rechecks/2026-09-30/usastaffing_13076129.txt
2026-09-30,https://apply.usastaffing.gov/ViewQuestionnaire/13076290,changed,False,False,False,False,False,False,questionnaire_rechecks/2026-09-30/usastaffing_13076290.txt
2026-09-30,https://apply.usastaffing.gov/ViewQuestionnaire/13076566,changed,False,False,False,False,False,False,questionnaire_rechecks/2026-09-30/usastaffing_13076566.txt
2026-09-30,https://apply.usastaffing.gov/ViewQuestionnaire/13076683,changed,False,False,False,False,False,False,questionnaire_rechecks/2026-09-30/usastaffing_13076683.txt
2026-09-30,https://apply.usastaffing.gov/ViewQuestionnaire/13076972,changed,False,False,False,False,False,False,questionnaire_rechecks/2026-09-30/usastaffing_13076972.txt
2026-09-30,https://apply.usastaffing.gov/ViewQuestionnaire/13077144,changed,False,False,True,True,False,False,questionnaire_rechecks/2026-09-30/usastaffing_13077144.txt
2026-09-30,https://apply.usastaffing.gov/ViewQuestionnaire/13077323,changed,False,False,False,False,False,False,questionnaire_rechecks/2026-09-30/usastaffing_13077323.txt
2026-09-30,https://apply.usastaffing.gov/ViewQuestionnaire/13077536,changed,False,False,False,False,False,False,questionnaire_rechecks/2026-09-30/usastaffing_13077536.txt
2026-09-30,https://apply.usastaffing.gov/ViewQuestionnaire/13077537,changed,False,False,False,False,False,False,questionnaire_rechecks/2026-09-30/usastaffing_13077537.txt
